title	citation	bulletPoints	image	authors	date	keywords	link
A quantitative assessment of the status of reef fish communities from a large-scale probability survey in southern Florida	Grove, L. J. W., Smith, S. G., Blondeau, J., & Ault, J. S. (2024). A quantitative assessment of the status of reef fish communities from a large-scale probability survey in southern Florida. Bulletin of Marine Science, 100(2), 239-258.	Ecosystem-scale evaluation of reef fish community status in southern Florida, distinguishes anthropogenic impacts from habitat productivity, identifies habitat quality and fishing issues	https://drive.google.com/file/d/1tDGBLccgTNCvc1al7A1KrhtlqltcoJj0/view?usp=drive_link	Laura Jay Grove, Steven Smith, Jeremiah Blondeau, Jerald Ault	2024-04-01	Reef fish communities, Southern Florida, Probability survey, Ecosystem assessment, Coral reefs, Human impacts, Habitat quality, Fishing pressure, Urbanization gradient, Dry Tortugas	https://doi.org/10.5343/bms.2023.0020
Expansion of an established fishery-independent survey into the US Virgin Islandsʼ upper mesophotic zone: feasibility and management implications	Grove, L. J. W., Blondeau, J., Swanson, D. W., Heidmann, S. L., Smith, S. G., Johnson, M. W., ... & Smith, T. B. (2024). Expansion of an established fishery-independent survey into the US Virgin Islands' upper mesophotic zone: feasibility and management implications. Bulletin of Marine Science, 100(2), 113-132.	DCRMP utilizes similar survey designs as NCRMP to expand the NCRMP survey depth (0m-30m) to upper mesophotic reef habitat (30m-50m), DCRMP showed larger lengths for fishes at deeper depths, DCRMP represents first step towards fishery-independent survey expansion in the US Caribbean	https://drive.google.com/file/d/1tExJa-nPKPQjNp-yvwlZx3Lkpt-qW_ki/view?usp=sharing	Laura Jay Grove, Jeremiah Blondeau, Dione Swanson, Sarah Heidmann, Steven Smith, Matthew Johnson, Viktor Brandtneris, Skyler Sagarese, Tyler Smith	2024-04-01	Fishery-independent survey, Upper mesophotic zone, US Virgin Islands, Deep Coral Reef Monitoring Program (DCRMP), National Coral Reef Monitoring Program (NCRMP), Fisheries management, Reef fish communities, Stock assessment, Habitat stratification, Survey methodology	https://doi.org/10.5343/bms.2023.0013
Depth and structure as environmental drivers of fish communities across a shallow to mesophotic gradient in the northern US Virgin Islands	Heidmann, S. L., Olinger, L. K., Brandtneris, V. W., Ennis, R. S., Blondeau, J., Grove, L. J. W., & Smith, T. B. (2024). Depth and structure as environmental drivers of fish communities across a shallow to mesophotic gradient in the northern US Virgin Islands. Bulletin of Marine Science, 100(2), 133-154.	Utilizes survey data from NCRMP and DCRMP to understand fish communities across the seascape in the USVI, uses four trophic fish groups (herbivore, invertivore, planktivore, piscivore, explores trophic group trends across depth and hard relief	https://drive.google.com/file/d/1l_jfeXdHxF468hbJWQ0TEI0oXIPF2Twt/view?usp=drive_link	Sarah Heidmann, Lauren Olinger, Viktor Brandtneris, Rosmin Ennis, Jeremiah Blondeau, Laura Jay Grove, Tyler Smith	2024-04-01	Depth gradient, Fish communities, Mesophotic coral ecosystems (MCEs), US Virgin Islands, Reef fish diversity, Habitat structure, Fisheries management, Trophic groups, Environmental drivers, Stock assessment, National Coral Reef Monitoring Program (NCRMP), Deep Coral Reef Monitoring Program (DCRMP)	https://doi.org/10.5343/bms.2023.0022
Quantifying hurricane impacts on United States Virgin Islands reef fishes using a catchability invariant approach to compare uncalibrated survey indices	Langwiser, C., Vaughan, N. R., & Grove, L. J. W. (2024). Quantifying hurricane impacts on United States Virgin Islands reef fishes using a catchability invariant approach to compare uncalibrated survey indices. Bulletin of Marine Science, 100(2), 185-210.	Hurricane impacts on fish, standardization of two survey methods, significant disturbance impacts observed in St. Croix	https://drive.google.com/file/d/1I3Jgfknd0U5FTHFg1recK1RqWsLrDUEH/view?usp=drive_link	Caitlin Langwiser, Nathan Vaughan, Laura Jay Grove	2024-04-01	USVI, St. John, St Croix, St. Thomas, disturbance, hurricane, calibration, belt transect, site allocation, Irma, Maria	https://doi.org/10.5343/bms.2023.0011
A quantitative assessment of the status of benthic communities on US Atlantic coral reefs using a novel standardized approach	Viehman, S. T., Groves, S. H., Grove, L. J. W., Smith, S. G., Mudge, L., Donovan, C., ... & Towle, E. K. (2024). A quantitative assessment of the status of benthic communities on US Atlantic coral reefs using a novel standardized approach. Bulletin of Marine Science, 100(2), 283-306.	Categorization of benthic community health, impacts of SCTLD, coral mortality, repeatable quantitative ecosystem assesment	https://drive.google.com/file/d/1sKzy4xwgrF5ZAZWNP19dElFGr4igUET5/view?usp=drive_link	Shay Viehman, Sarah Groves, Laura Jay Grove, Steven Smith, Laura Mudge, Caroline Donovan, Kimberly Edwards, Erica Towle	2024-04-01	Florida, USVI, St. John, St. Thomas, St. Croix, Flower Garden Banks, SCTLD, Stony Coral Tissue Loss Disease, coral, benthic, indicator, historic, baseline, status, algae, macroalgae, habitat	https://doi.org/10.5343/bms.2022.0025
Integrating the U.S. Caribbean reef-fish visual census into fishery stock assessments	Ault, J. S., Blondeau, J., Grove, L. J. W., Cass-Calay, S. L., & McCarthy, K. J. (2024). Integrating the US Caribbean reef fish visual census into fishery stock assessments. Bulletin of Marine Science, 100(2), 283-312.	Assesment of queen triggerfish stock in Puerto Rico, Fishery-independent surveys to generate population indiactor variables, RVC as a reference calibration for FD data	https://drive.google.com/file/d/1GBBRfSGsV0875qpPhmJ-_m4KdxwW-UFm/view?usp=drive_link	Jerald Ault, Jeremiah Blondeau, Laura Jay Grove, Shannon Cass-Calay, Kevin McCarthy	2024-04-01	Puerto Rico, queen triggerfish, stock assesment, RVC, GCF, gear correction factor, SEDAR, single species, abundance, calibration, BLT, belt-transect, stock, biomass	https://doi.org/10.5343/bms.2023.0025
The Reef Visual Census: a review of an essential long-term data source for reef-fish management in Florida	Keller, J. A., Renchen, J., Herbig, J., Hunt, J., & Acosta, A. (2024). The Reef Visual Census: a review of an essential long-term data source for reef-fish management in Florida. Bulletin of Marine Science, 100(2), 313-332.	Applications of RVC data, Outcomes of long-term collaborative parterships, Future uses of RVC data	https://drive.google.com/file/d/1JLKAmHaeyNBDiszYXHp0ZWUrTh8ehauQ/view?usp=drive_link	Jessica Keller, Jeffrey Renchen, Jennifer Herbig, John Hunt, Alejandro Acosta	2024-04-01	RVC, Reef Visual Census, Florida, Biscayne National Park, Western Dry Rocks, partnerships, Dry Tortugas, Florida Keys, SEDAR, stock assesment	https://doi.org/10.5343/bms.2023.0028
Regional reef fish assemblage maps provide baseline biogeography for tropicalization monitoring	Walker, B. K., Fisco Becker, D., Williams, G. J., Kilfoyle, A. K., Smith, S. G., & Kozachuk, A. (2024). Regional reef fish assemblage maps provide baseline biogeography for tropicalization monitoring. Scientific Reports, 14(1), 7893.	Fish communities along Bahamas Fracture Zone, tropicalization of southern Florida fish, impacts of rising sea temps. on fish	https://drive.google.com/file/d/1T_k_HYBeWhfRJA79P2xt1gSYa2IjQTRp/view?usp=sharing	Brian Walker, Dana Fisco Becker, Gareth Williams, Audie Kilfoyle, Steven Smith, Allie Kozachuk	2024-04-03	Climate change, Florida, Palm Beach, Martin, BFZ, Bahamas Fracture Zone, RVC, assemblage, habitat, depth, tropicalization	https://doi.org/10.1038/s41598-024-58185-6
Distribution and abundance of herbivorous reef fishes on a barrier reef system in the Florida Keys and Dry Tortugas	Herbig, J. L., Olson, J. C., Keller, J. A., Grove, L. J. W., Shea, C. P., & Acosta, A. (2024). Distribution and abundance of herbivorous reef fishes on a barrier reef system in the Florida Keys and Dry Tortugas, Florida. Bulletin of Marine Science, 100(2), 211-238.	Holistic view of herbivore communities in Florida, habiat use of herbivorous fish groups, ecosystem services of herbivores on reefs	https://drive.google.com/file/d/1wut5xOYxYXpcB_zkYfScCERiIY9g9gfq/view?usp=drive_link	Jennifer Herbig, Jack Olson, Jessica Keller, Laura Jay Grove, Colin Shea, Alejandro Acosta	2024-04-01	Herbivory, Florida, Florida Keys, Dry Tortugas, damselfish, surgeonfish, angelfish, herbivore, coral, coral cover, algae, macroalgae, habitat, diet	https://doi.org/10.5343/bms.2022.0013
Low net carbonate accretion characterizes Florida’s coral reef	Morris, J. T., Enochs, I. C., Besemer, N., Viehman, T. S., Groves, S. H., Blondeau, J., ... & Manzello, D. P. (2022). Low net carbonate accretion characterizes Florida’s coral reef. Scientific Reports, 12(1), 19582.	Quantifying reef persistence, erosional state of Florida reefs, drivers of reef development	https://drive.google.com/file/d/1UXEUvtgFrJ0SzNv78oiooZ2C5tIpub7G/view?usp=drive_link	John Morris, Ian Enochs, Nicole Besemer, Shay Viehman, Sarah Groves, Jeremiah Blondeau, Cory Ames, Erica Towle, Laura Jay W. Grove, Derek Manzello	2022-11-15	Carbonate, calcification, parrotfish, urban, Florida, Florida Keys, Southeast Florida, Dry Tortugas, erosion, structure, habitat	https://doi.org/10.1038/s41598-022-23394-4
Length-based risk analysis of management options for the southern Florida USA multispecies coral reef fish fishery	Ault, J. S., Smith, S. G., Johnson, M. W., Grove, L. J. W., Bohnsack, J. A., DiNardo, G. T., ... & Acosta, A. (2022). Length-based risk analysis of management options for the southern Florida USA multispecies coral reef fish fishery. Fisheries research, 249, 106210.	Managment of commercial and recreational reef fish species, sustainibility metrics, high exploitation pressures under buisness as usual management regime	https://drive.google.com/file/d/15EtTFXmOsmXmoLq8OpZBnw0MXG3pZWzW/view?usp=drive_link	Jerald Ault, Steven Smith, Matthew Johnson, Laura Jay Grove, James Bohnsack, Gerard DiNardo, Caroline McLaughlin, Nelson Ehrhardt, Vanessa McDonough, Michael Seki, Steven Miller, Jiangang Luo, Jeremiah Blondeau, Michael Crosby, Glenn Simpson, Mark Monaco, Clayton Pollock, Michael Feeley, Alejandro Acosta	2022-05-01	Florida, fishing pressure, commercial, recreational, management, overfishing, snapper, grouper, hogfish, grunt, sustainability, fishery management council, size, length, exploitation	https://doi.org/10.1016/j.fishres.2021.106210
A National Status Report on United States Coral Reefs Based on 2012–2018 Data From National Oceanic and Atmospheric Administration’s National Coral Reef Monitoring Program	Towle, E. K., Donovan, E. C., Kelsey, H., Allen, M. E., Barkley, H., Blondeau, J., ... & Williams, I. D. (2022). A national status report on United States coral reefs based on 2012–2018 data from National Oceanic and Atmospheric Administration’s National Coral Reef Monitoring Program. Frontiers in Marine Science, 8, 812216.	Approachable synthesis of NCRMP data, analysis of benthic, fish, climate, and socioeconomic indicators, ecosystem score of US coral reefs	https://drive.google.com/file/d/17wOu3HYKFx79vlMdFb8XbTldAHI4zmcv/view?usp=drive_link	Erica Towle, Caroline Donovan, Heath Kelsey, Mary Allen, Hannah Barkley, Jeremiah Blondeau, Russell Brainard, Annie Carew, Courtney Couch, Maria Dillard, Mark Eakin, Kimberly Edwards, Peter Edwards, Ian Enochs, Chloe Fleming, Alexandra Fries, Erick Geiger, Laura Jay Grove, Sarah Groves, Matthew Gorstein, Adel Heenan, Matthew Johnson, Justine Kimball, Jennifer Koss, Tye Kindinger, Arielle Levine, Derek Manzello, Nathan Miller, Thomas Oliver, Jennifer Samson, Dione Swanson, Bernardo Vargas-Ángel, Shay Viehman, Ivor Williams	2022-02-02	Benthic cover, Reef fish, Heat stress, Ocean acidification, Socioeconomics, Coral mortality, Sustainability, Jurisdiction scores, Climate impact	https://doi.org/10.3389/fmars.2021.812216
Length-based risk analysis for assessing sustainability of data-limited tropical reef fisheries	Ault, J. S., Smith, S. G., Bohnsack, J. A., Luo, J., Stevens, M. H., DiNardo, G. T., ... & Bryan, D. R. (2019). Length-based risk analysis for assessing sustainability of data-limited tropical reef fisheries. ICES Journal of Marine Science, 76(1), 165-180.	Evaulation of stock sustainability status, creates model reflective of actual fishing selectivity process, focuses on target comercial and recreational species in Florida	https://drive.google.com/file/d/161_vQ1WC8BVN9eWP1xE0oYAQ-pt5xsJ6/view?usp=drive_link	Jerald Ault, Steven Smith, James Bohnsack, Jiangang Luo, Molly Stevens, Gerard DiNardo, Matthew Johnson, David Bryan	2019-01-01	Snapper, grouper, hogfish, SEDAR, stock, model, length, age, maturity, management, stock assessment, Florida	https://doi.org/10.1093/icesjms/fsy123
Towards fishery-independent biomass estimation for Hawaiian Islands deepwater snappers	Ault, J. S., Smith, S. G., Richards, B. L., Yau, A. J., Langseth, B. J., O’Malley, J. M., ... & DiNardo, G. T. (2018). Towards fishery-independent biomass estimation for Hawaiian Islands deepwater snappers. Fisheries Research, 208, 321-328.	Deep 7 bottomfish complex, Development of survey and modeling methodology, First implementation of island-wide fishery independent survey	https://drive.google.com/file/d/1h6ZyOODvVwcTngkAyUmbGKWx8fdSHg1b/view?usp=drive_link	Jerald Ault, Steven Smith, Benjamin Richards, Annie Yau, Brian Langseth, Joseph O’Malley, Christofer Boggs, Michael Seki, Gerard DiNardo	2018-12-01	Hawaii, deep7, snapper, grouper, fishery dependent, pacific, hook and line, camera	https://doi.org/10.1016/j.fishres.2018.08.012
Regional differences in an established population of invasive Indo-Pacific lionfish (Pterois volitans and P. miles) in south Florida	Bryan, D. R., Blondeau, J., Siana, A., & Ault, J. S. (2018). Regional differences in an established population of invasive Indo-Pacific lionfish (Pterois volitans and P. miles) in south Florida. PeerJ, 6, e5700.	Lionfish still well established in Florida, Comparatively stable and low population in SE Florida, Low density in DRTO 2016, Florida population stable after initial increase	https://drive.google.com/file/d/1hboVsM5VXUHAU_gHOB7afJweBEkjK0m5/view?usp=drive_link	David Bryan, Jeremiah Blondeau, Ashley Siana, Jerald Ault	2018-10-10	RVC, lionfish, SE Florida, southeast Florida, keys, Dry Tortugas, predation, invasive, invasive species,	https://doi.org/10.7717/peerj.5700
Accounting for detection gaps when evaluating reef fish habitat use in an acoustic array	Farmer, N. A., & Ault, J. S. (2018). Accounting for detection gaps when evaluating reef fish habitat use in an acoustic array. Canadian journal of fisheries and aquatic sciences, 75(3), 375-388.	Acoustic monitoring in DRTO, Habitat preferences of exploited species, Findings aid fishery sampling and MPA design	https://drive.google.com/file/d/1PMWUXXz8GfYDDUDe_njAAkWPN45j5odX/view?usp=drive_link	Nicholas Farmer, Jerald Ault	2017-04-17	Florida, Dry Tortugas, acoustic, fishery independant, snapper, grouper, habitat, relief, mutton, red grouper, black grouper, yellowtail snapper	https://doi.org/10.1139/cjfas-2016-0494
Non‐linear thresholds characterize the relationship between reef fishes and mangrove habitat	Shideler, G. S., Araújo, R. J., Walker, B. K., Blondeau, J., & Serafy, J. E. (2017). Non‐linear thresholds characterize the relationship between reef fishes and mangrove habitat. Ecosphere, 8(9), e01943.	Nearby mangrove habitat = greater reef fish diversity, mangroves most influential habitat, many species associated with mangrove forest extent 	https://drive.google.com/file/d/1Fo4MH6AG_piLgjnPjmZh3-HkxiNsXZKO/view?usp=drive_link	Geoffrey Shideler, Rafael Araújo, Brian Walker, Jeremiah Blondeau, Joseph Serafy	2017-09-26	Mangrove, habitat, diversity, richness, urbanization, urban, anthropogenic, GAM, general additive model, Florida, human, seagrass, 	https://doi.org/10.1002/ecs2.1943
Bohnsack, James ~ Oral History Interview	Bohnsack, J. (2016). Voices from the Science Centers. Oral history interview with James Bohnsack by Suzana Mic on July 26, 2016. NOAA Voices Oral History Archives.  	RVC pioneer interview, history of SEFSC, early fisheries independent sampling in FL	https://drive.google.com/file/d/1MWnitIAQHXTEyvawKnrpox-Y2-FZtZfi/view?usp=drive_link	James Bohnsack, Suzana Mic	2022-07-16	RVC, history, fishery independent, Florida, Miami, SEFSC	https://voices.nmfs.noaa.gov/sites/default/files/2018-09/bohnsack_james.pdf
Feasibility of a regionwide probability survey for coral reef fish in Puerto Rico and the US Virgin Islands	Bryan, D. R., Smith, S. G., Ault, J. S., Feeley, M. W., & Menza, C. W. (2016). Feasibility of a regionwide probability survey for coral reef fish in Puerto Rico and the US Virgin Islands. Marine and coastal fisheries, 8(1), 135-146.	Implementation of fishery independent survey in the US Caribbean, sample sizes likely need to double for effective park managment, Stratification by depth and habitat produced more efficient sample design	https://drive.google.com/file/d/1kO6UYmkT1IHdr1HGVKG8LcUZuitRefKR/view?usp=drive_link	David Bryan, Steven Smith, Jerald Ault, Michael Feeley, Charles Menza	2016-01-01	USVI, St. John, St. Thomas, St. Croix, Buck Island, Puerto Rico, survey design, mapping, stratification, habitat, strata, protected area, management	https://doi.org/10.1080/19425120.2015.1082520
Transport and connectivity modeling of larval permit from an observed spawning aggregation in the Dry Tortugas, Florida	Bryan, D. R., Luo, J., Ault, J. S., McClellan, D. B., Smith, S. G., Snodgrass, D., & Larkin, M. F. (2015). Transport and connectivity modeling of larval permit from an observed spawning aggregation in the Dry Tortugas, Florida. Environmental Biology of Fishes, 98, 2263-2276.	Uses Hybrid Community Ocean Model (HYCOM), High retention of recruits in Florida, Large numbers of adults observed in DRTO 	https://drive.google.com/file/d/1pieo04F7reVwcNGPmJKupIo4oy6KCQ-W/view?usp=drive_link	David Bryan, Jiangang Luo, Jerald Ault, David McClellan, Steven Smith, Derke Snodgrass, Michael Larkin	2015-09-15	Permit, Dry Tortugas, Belize, Cuba, spawning, current, larvae, larval transport, Florida, management	https://doi.org/10.1007/s10641-015-0445-x
Comparative Demography of a Coral Reef Fish: Vertical and Horizontal Spatial Variability in Bicolor Damselfish (Stegastes partitus) Traits, Survival, and Reproduction	Goldstein, E. D. (2015). Comparative Demography of a Coral Reef Fish: Vertical and Horizontal Spatial Variability in Bicolor Damselfish (Stegastes partitus) Traits, Survival, and Reproduction (Doctoral dissertation, University of Miami).	Dissertation, RVC data used to model population	https://drive.google.com/file/d/1a3EQF8J4FZPbDk3PEr9pXCnq7EJ8DuII/view?usp=drive_link	Esther Diane Goldstein	2015-12-01	RVC, damselfish, herbivore, herbivory, Florida, Florida Keys, bicolor damselfish, habitat, stratification, relief, distribution	https://scholarship.miami.edu/esploro/outputs/doctoral/Comparative-Demography-of-a-Coral-Reef/991031447226402976/filesAndLinks?index=0
Southeast Florida coral reef fishery-independent baseline assessment, 2012-2014 summary report	Kilfoyle, K., Walker, B. K., Fisco, D. P., Smith, S. G., & Spieler, R. E. (2015). Southeast Florida coral reef fishery-independent baseline assessment, 2012-2014 summary report.	Miami-dade, Martin, and Palm Beach Counties, synopsis of reef fish community data in the northern FRT	https://drive.google.com/file/d/1lBYYkSQGdGUTbnlYRmgHAehhjSiuadCT/view?usp=drive_link	Kirk Kilfoyle, Brian Walker, Dana Fisco, Steven Smith, Richard Spieler	2015-08-31	Southeast Florida, Miami-Dade, Miami, Palm Beach, Martin, SEFCRI, distribution, habitat	 https://repository.library.noaa.gov/view/noaa/974/noaa_974_DS1.pdf
A new compact rotating video system for rapid survey of reef fish populations	Koenig, C. C., & Stallings, C. D. (2015). A new compact rotating video system for rapid survey of reef fish populations. Bulletin of Marine Science, 91(3), 365-373.	Submersible Rotating Video System (SRV), Goal to simulate Bohnsack-Bannerot fish-survey method, inexpensive research tool implementations, surveying species with diver avoidance behaviors	https://drive.google.com/file/d/1N6keYvB7aXqM9ORghXO1uhq7T8rKsSje/view?usp=drive_link	Christopher Koenig, Christopher Stallings	2015-07-01	RVC, camera, video, methodology, snapper, grouper, survey design, Gulf of Mexico, Alabama, SRV, submersible rotating video system	https://doi.org/10.5343/bms.2015.1010
Indicators for assessing the ecological dynamics and sustainability of southern Florida’s coral reef and coastal fisheries.	Ault, J. S., Smith, S. G., Browder, J. A., Nuttle, W., Franklin, E. C., Luo, J., ... & Bohnsack, J. A. (2014). Indicators for assessing the ecological dynamics and sustainability of southern Florida's coral reef and coastal fisheries. Ecological Indicators, 44, 164-172.	Relationship between stock productivity and CPUE + average length, average length indicator is useful in data poor situations, fishing has fundamentally altered the ecological structure of the fish community, shift towards EBFM is necessary	https://drive.google.com/file/d/18XyVOcroDr2vdge0oZEL_FI7a671_3Ls/view?usp=drive_link	Jerald Ault, Steven Smith, Joan Browder, William Nuttle, Jiangang Luo, Erik Franklin, Gerard Dinardo, James Bohnsack	2014-09-01	Management, indicator, habitat, CPUE, cost per unit effort, length, size, community, EBFM, ecosystem based management, Florida, commercial, recreational, socioeconomic, economic, fishing, economy, charter 	https://doi.org/10.1016/j.ecolind.2014.04.013
Assessing coral reef fish population and community changes in response to marine reserves in the Dry Tortugas, Florida, USA.	Ault, J. S., Smith, S. G., Bohnsack, J. A., Luo, J., Zurcher, N., McClellan, D. B., ... & Causey, B. (2013). Assessing coral reef fish population and community changes in response to marine reserves in the Dry Tortugas, Florida, USA. Fisheries Research, 144, 28-37.	Data before and after creation of DRTO NTMRs, Significant changes in population occupancy + density + abundance within management zones, NTMRs help to build sustainable fisheries	https://drive.google.com/file/d/1MorZdjkZE8UhHwr5LHb9CyrS1IZPhLu-/view?usp=drive_link	Jerald Ault, Steven Smith, James Bohnsack, Jiangang Luo, Natalia Zurcher, David McClellan, Tracy Ziegler, David Hallac, Matt Patterson, Michael Feeley, Benjamin Ruttenberg, John Hunt, Dan Kimball, Billy Causey	2013-07-01	Dry Tortugas, Marine reserve, no take marine reserve, no take, managment, national park, community, non-target species, fishing, TNER, TNSR, RNA, grouper, snapper, hogfish	https://doi.org/10.1016/j.fishres.2012.10.007
A cooperative multiagency reef fish monitoring protocol for the U.S. Virgin Islands coral reef ecosystem	Bryan, D. R., A. J. Atkinson, J. S. Ault, M. E. Brandt, J. A. Bohnsack, M. W. Feeley, M. E. Patterson, B. I. Ruttenberg, S. G. Smith, B. D. Witcher. (2013) A cooperative multiagency reef fish monitoring protocol for the U.S. Virgin Islands coral reef ecosystem. Natural Resource Report NPS/SFCN/NRR—2013/672. National Park Service, Fort Collins, Colorado.	Methods for the monitoring/assessment of reef fish in the USVI	https://drive.google.com/file/d/1SNgGG85yUeAG64s5ymKpi73OrEhopLNQ/view?usp=drive_link	David Bryan, Andrea Atkinson, Jerald Ault, Marilyn Brandt, James Bohnsack, Michael Feeley, Matt Patterson, Ben Ruttenberg, Steven Smith, Brian Witcher	2013-06-01	USVI, St. John, St. Thomas, St. Croix, Buck Island, survey design, mapping, stratification, habitat, strata, protected area, management, protocol	https://sedarweb.org/documents/s35-rd01-a-cooperative-multiagency-reef-fish-monitoring-protocol-for-the-u-s-virgin-islands-coral-reef-ecosystem-v-1-00/
Status of reef fish resources of the Tortugas region based on fishery-independent visual and trap survey assessments	Bryan, D. R., Atkinson, A. J., Ault, J. S., Brandt, M. E., Bohnsack, J. A., Feeley, M. W., Patterson, M. E., Ruttenberg, B. I., Smith, S. G., & Witcher, B. D. (2013). *A cooperative multiagency reef fish monitoring protocol for the U.S. Virgin Islands coral reef ecosystem* (v. 1.00). National Park Service, Natural Resources Report NPS/SFCN/NRR-2013/672.	Analysis of trends pre/post MPA implementation, Increases of principal fishery species in protected areas, DRTO trends relative to greater FRT 	https://drive.google.com/file/d/1KkSoqkWZpzwjXpqBwelzDHAzmcYfd9Ts/view?usp=drive_link	Jerald Ault, Steven Smith, Ted Switzer, James Bohnsack, Matt Patterson, Michael Feeley, David McClellan, Benjamin Ruttenberg, David Hallac, Tracy Ziegler, John Hunt	2012-10-01	Dry Tortugas, Marine reserve, no take marine reserve, no take, management, national park, community, non-target species, fishing, TNER, TNSR, RNA, grouper, snapper, hogfish, trap survey, RVC, MPA, 	https://www.researchgate.net/publication/265652617_Status_of_reef_fish_resources_of_the_Tortugas_region_based_on_fishery-independent_visual_and_trap_survey_assessments
Rapid Invasion of Indo-Pacific Lionfishes (Pterois Volitans and Pterois Miles) in the Florida Keys, USA: Evidence from Multiple Pre- and Post-Invasion Data Sets	Ruttenberg, B. I., Schofield, P. J., Akins, J. L., Acosta, A., Feeley, M. W., Blondeau, J., ... & Ault, J. S. (2012). Rapid invasion of Indo-Pacific lionfishes (Pterois volitans and Pterois miles) in the Florida Keys, USA: evidence from multiple pre-and post-invasion data sets. Bulletin of Marine Science, 88(4), 1051-1059.	Monitoring the lionfish boom using RVC and REEF data, Quantification of the invasion of lionfishes in a new areas, Key pop. metrics increase three- to six-fold between 2010 and 2011 alone	https://drive.google.com/file/d/1atPWJB3P2tviplpTOObEQwXTeRyv4AZX/view?usp=drive_link	Benjamin Ruttenberg, Pamela Schofield, J Lad Akins, Alejandro Acosta, Michael Feeley, Jeremiah Blondeau, Steven Smith, Jerald Ault	2012-10-01	RVC, REEF, Lionfish, Florida, Florida Keys, invasive species, invasive, disruption	https://doi.org/10.5343/bms.2011.1108
The Opportunities and Challenges in Development of a Multi-agency Program to Monitor and Assess Reef Fish Populations in the Florida Keys Coral Reef Ecosystem	Brandt, M. E., Zurcher, N., Acosta, A., Ault, J. S., Bohnsack, J. A., Feeley, M. W., Harper, D. E., Hunt, J. H., Kellison, T., McClellan, D. B., Patterson, M. E., & Smith, S. G. (2009). A cooperative multi-agency reef fish monitoring protocol for the Florida Keys coral reef ecosystem (Natural Resource Report NPS/SFCN/NRR 2009/150). National Park Service.	Beginning of what NCRMP is today, Culmination of ~30 years of fishery independent reef fish monitoring by multiple independent groups in Florida region, Benefits of collaboration on this scale far outweigh difficulties	https://drive.google.com/file/d/1lpYC6cYBo8_cJI5LnaefI3L17ejYteMs/view?usp=drive_link	Marilyn Brandt, Natalia Zurcher, Andrea Atkinson, Alejandro Acosta, Jerald Ault, James Bohnsack, Mike Feeley, Douglas Harper, John Hunt, Gregory Kellison, David McClellan, Matt Patterson, Steven Smith	2010-11-01	Reef fish monitoring, fisheries-independent assessment, fish habitat relationships, multi-agency collaboration, ecosystem-based management 	https://www.coris.noaa.gov/activities/fish_monitoring_protocol/?utm_source=chatgpt.com
Multispecies survey design for assessing reef-fish stocks, spatially-explicit management performance, and ecosystem condition.	Smith, S. G., Ault, J. S., Bohnsack, J. A., Harper, D. E., Luo, J., & McClellan, D. B. (2011). Multispecies survey design for assessing reef-fish stocks, spatially explicit management performance, and ecosystem condition. Fisheries Research, 109(1), 25-41.	Survey design and effectiveness, implications for ecosystem monitoring and stock assessment, historical development of RVC	https://drive.google.com/file/d/1hPMQAq_B7Y2OR2DtG4CBrv4RhMq5hsK4/view?usp=drive_link	Steven Smith, Jerald Ault, James Bohnsack, Douglas Harper, Jiangang Luo, David McClellan	2011-04-01	RVC, stock assessment, EMB, ecosystem based managment, CV, coefficient of variation, Florida Keys, Dry Tortugas	https://doi.org/10.1016/j.fishres.2011.01.012
Probability sampling of stony coral populations in the Florida Keys	Smith, S. G., Swanson, D. W., Chiappone, M., Miller, S. L., & Ault, J. S. (2011). Probability sampling of stony coral populations in the Florida Keys. Environmental Monitoring and Assessment, 183, 121-138.	Two-stage stratified samplign design, CV of 7%-12%, Framwork for future benthic surveys	https://drive.google.com/file/d/17rgO-qCYI1vTh5B9oRQK_96cDOi-vS6x/view?usp=drive_link	Steven Smith, Dione Swanson, Mark Chiappone, Steven Miller, Jerald Ault	2011-03-11	Coral, stony coral, octocoral, algea, CV, coefficient of variation, stratified random survey, population estimates, Montastrea, millepora, porites, siderastrea	http://dx.doi.org/10.1007/s10661-011-1912-2
A global review of long-term marine protected area monitoring programmes: The application of a good framework to marine biological monitoring.	Addison, P. (2011). A global review of long-term Marine Protected Area monitoring programmes: The application of a good framework to marine biological monitoring.	themes + dissimilarities + novel approaches in MPA monitoring, survey design methodology, comparison between large MPA networks (FKNMS & GBR)	https://drive.google.com/file/d/1ua4Voi5vwivhpsQGkbCFeiVZRjpghsnP/view?usp=drive_link	Prue Addison	2011-01-01	MPA, protacted area, survey design, Great Barrier Reef, Florida, Florida Keys, Australia	https://www.researchgate.net/publication/280905430_A_global_review_of_long-term_Marine_Protected_Area_monitoring_programmes_The_application_of_a_good_framework_to_marine_biological_monitoring
Differences in reef fish assemblages between populated and remote reefs spanning multiple archipelagos across the Central and Western Pacific.	Williams, I. D., Richards, B. M., Sandin, S. A., Baum, J. K., Schroeder, R. E., Nadon, M. O., ... & Brainard, R. E. (2011). Differences in reef fish assemblages between populated and remote reefs spanning multiple archipelagos across the central and western Pacific. Journal of Marine Sciences, 2011(1), 826234.	Stationary point count and belt transect surveys, quantification of reef fish pop. in Pacific, precursors to NCRMP in the Pacific	https://drive.google.com/file/d/1sF8p58dT2pTXQiTEUuRrx_Kv5K3TcvLA/view?usp=drive_link	Ivor Williams, Benjamin Richards, Stuart Sandin, Julia Baum, Robert Schroeder, Marc Nadon, Brian Zgliczynski, Peter Craig, Jennifer McIlwain, Russell Brainard	2010-09-29	RVC, belt transect, Hawaii, Pacific, remote area, survey calibration	http://dx.doi.org/10.1155/2011/826234
A cooperative multi-agency reef fish monitoring protocol for the Florida Keys coral reef ecosystem	Brandt, M. E., Zurcher, N., Acosta, A., Ault, J. S., Bohnsack, J. A., Feeley, M. W., Harper, D. E., Hunt, J. H., Kellison, G. T., McClellan, D. B., Patterson, M. E., & Smith, S. G. (2009). A cooperative multi-agency reef fish monitoring protocol for the Florida Keys coral reef ecosystem. Natural resources report; NPS/SFCN/NRR 2009/150. National Oceanic and Atmospheric Administration.	Description of RVC survey implementation in Florida, highlights cooperative relationships that lead to survey success, methodology for implementation of large scale fisheries independent survey	https://drive.google.com/file/d/1cEcUn9VcoSkWpY60H14lJFvMYvG8LUWF/view?usp=drive_link	Marilyn Brandt, Natalia Zurcher, Alejandro Acosta, Jerald Ault, James Bohnsack, Michael Feeley, Douglas Harper, John Hunt, Gregory Kellison, David McClellan, Matt Patterson, Steven Smith	2009-09-01	NOAA, National Parks Service, NPS, University of Miami, RSMAS, RSMAES, RVC, methodology, Florida, Dry Tortugas, MPAs, FWC	https://repository.library.noaa.gov/view/noaa/546/noaa_546_DS1.pdf
Coral reef fish response to FKNMS management zones: the first ten years (1997-2007)	Bohnsack, J. A., Harper, D. E., McClellan, D. B., Kellison, G. T., Marine, N., & Service, F. (2009). Coral reef fish response to FKNMS management zones: the first ten years (1997–2007). Prog Rep Florida Keys Natl Mar Sanctuary, 1-29.	Anaysis of RVC data in Sanctuary Preservation Areas (SPAs), increased density for 7 exploited species, no significant increases for two reference parrotfish species, hurricane impacts in 2004 and 2005 observed	https://drive.google.com/file/d/1DjGa-wh7y_SO_aKKtxKAeqDVBXpSArXh/view?usp=drive_link	James Bohnsack, Douglas Harper, David McClellan, G. Todd Kellison, Jerald Ault, Steven Smith, Natalia Zurcher	2009-06-10	Snapper, grouper, hogfish, parrotfish, SPA, Sanctuary Preservation Area, Florida Keys National Marine Sanctuary, FKNMS, MPA, no take	https://sedarweb.org/documents/s19rd24-coral-reef-fish-response-to-fknms-management-zones-the-first-ten-years-1997-2007/
Influence of marine reserve size and boundary length on the initial response of exploited reef fishes in the Florida Keys National Marine Sanctuary, USA.	Bartholomew, A., Bohnsack, J. A., Smith, S. G., Ault, J. S., Harper, D. E., & McClellan, D. B. (2008). Influence of marine reserve size and boundary length on the initial response of exploited reef fishes in the Florida Keys National Marine Sanctuary, USA. Landscape Ecology, 23, 55-65.	Reef boundary permeability influences recovery of exploited species, reserve size/placement has small impact on rate of density change, Higher rates of density change observed in 10 reserves for Lutjanidae + 2 reserves for combined fish + 1 reserve for Haemulidae.	https://drive.google.com/file/d/1CBCRQNPyEahD77HHQrikxWyDu5US0f8P/view?usp=drive_link	Aaron Bartholomew, James Bohnsack, Steven Smith, Jerald Ault, Douglas Harper, David McClellan	2007-08-21	Habitat, boundry, SPA, sanctuary preservation area, FKNMS, Florida Keys National Marine Sanctury, no take, snapper, grunt, recovery, exploitation	http://dx.doi.org/10.1007/s10980-007-9136-0
Selected reef fish visual census studies conducted by the Miami laboratory reef resources team, 1985-2002	McClellan, D. B., & Harper, D. E. (2007). Selected reef fish visual census studies conducted by the Miami Laboratory Reef Resources Team, 1985-2002 (NOAA Technical Memorandum NMFS-SEFSC; 561). National Oceanic and Atmospheric Administration.	Compilation of unpublished reports, 6 unrelated fish surveys conducted by SEFSC	https://drive.google.com/file/d/1X3XiK7yBnw4Lxmve8NeqZX6LSnfvhoMt/view?usp=drive_link	David McClellan, Douglas Harper	2007-08-01	RVC, Dry Tortugas, Puerto Rico, Florida keys, Florida, Mona Island, BVI, Cayman Islands	https://repository.library.noaa.gov/view/noaa/480
A guide to monitoring reef fish in the National Park Service's South Florida/Caribbean Network 	Menza, C. W., Ault, J. S., Beets, J. P., Bohnsack, J. A., Caldow, C., Christensen, J. D., Friedlander, A. M., Jeffrey, C. F., Kendall, M. S., Luo, J., Monaco, M. E., Smith, S. G., & Roberson, K. K. W. (2006). A guide to monitoring reef fish in the National Park Service's South Florida/Caribbean Network (NOAA Technical Memorandum NOS NCCOS; 39). National Oceanic and Atmospheric Administration.	Framework for park managers/researchers to create/enhance fish monitoring programs	https://drive.google.com/file/d/1DgUFn2ticcEAgicDlvOCccoy74_bVU1u/view?usp=drive_link	Charles Menza, Jerald Ault, James Beets, James Bohnsack, Chris Caldow, John Christensen, Alan Friedlander, Christopher Jeffrey, Matthew Kendall, Jiangang Luo, Mark Monaco, Steven Smith, Kimberly Roberson	2006-08-01	Dry Tortugas, USVI, Buck Island, FKNMS, Florida Keys, Parks, National Parks Service, St. John, methodology, survey design, 	https://repository.library.noaa.gov/view/noaa/9287
Building sustainable fishSite Characterization for Biscayne National Park: Assessment of Fisheries Resources and Habitatseries in Florida's coral reef ecosystem: positive signs in the Dry Tortugas	Ault, J. S., Smith, S. G., Bohnsack, J. A., Luo, J., Harper, D. E., & McClellan, D. B. (2006). Building sustainable fisheries in Florida's coral reef ecosystem: positive signs in the Dry Tortugas. Bulletin of Marine Science, 78(3), 633-654.	Surveys before + after NTMRs, Domain wide abundance increases of several species, observed shifts in length composition	https://drive.google.com/file/d/10OR16dKgKeUTQwtPdKHdxI64PcJ3EpVT/view?usp=drive_link	Jerald Ault, Steven Smith, James Bohnsack, Jiangang Luo, Douglas Harper, David McClellan	2006-01-01	Dry Tortugas, snapper, grouper, marine reserve, no take, MPA, marine protected area, TNER, RNA	https://sedarweb.org/documents/s19rd18-building-sustainable-fisheries-in-floridas-coral-reef-ecosystem-positive-signs-in-the-dry-tortugas/
Towards sustainable multispecies fisheries in the Florida, USA, coral reef ecosystem.	Ault, J. S., Bohnsack, J. A., Smith, S. G., & Luo, J. (2005). Towards sustainable multispecies fisheries in the Florida, USA, coral reef ecosystem. Bulletin of Marine Science, 76(2), 595-622.	Ecosystem based and system science analysis framework, Development of fisheries independant survey methodology in FL, Support for NTMRs to manage fisheries	https://drive.google.com/file/d/14kihzcT35T9Q8LihjZmuJJFDO8BlLV60/view?usp=drive_link	Jerald Ault, James Bohnsack, Steven Smith, Jiangang Luo	2005-04-01	Florida, Florida Keys, Dry Tortugas, FKNMS, SPA, MPA, snapper, grouper, hogfish, EBM, ecosystem based management, no take, NTMR, model, survey design, management	https://www.researchgate.net/publication/233519158_Towards_Sustainable_Multispecies_Fisheries_in_the_Florida_USA_Coral_Reef_Ecosystem
Designing Marine Reserves for Fishery Management	Meester, G. A., Mehrotra, A., Ault, J. S., & Baker, E. K. (2004). Designing marine reserves for fishery management. Management Science, 50(8), 1031-1043.	Marine reserve network planning in the Florida Keys, Assessment of MR effectiveness based using simulation model, Uses visual census data 	https://drive.google.com/file/d/13tTZlyl5vxOwFQGVDAZ87K4FyiRZjtcC/view?usp=drive_link	Geoffrey Meester, Anuj Mehrotra, Jerald Ault, Edward Baker	2004-08-01	MPA, Marine protected area, no take, marine reserve, fisheries management, model, simulation model	https://doi.org/10.1287/mnsc.1040.0222
Benthic Habitat Mapping in the Tortugas Region, Florida	Franklin, E. C., Ault, J. S., Smith, S. G., Luo, J., Meester, G. A., Diaz, G. A., ... & Bohnsack, J. A. (2003). Benthic habitat mapping in the Tortugas region, Florida. Marine Geodesy, 26(1-2), 19-34.	Maps created to support sampling efforts, Created using bathymetric soundings + aerial photogrammetry + sonar imagery + visual surveys, Geomorphological habitat classification scheme 	https://drive.google.com/file/d/1EZGsbbz8gKSf_ZOT2rnWFAFJ1L6_lben/view?usp=drive_link	Erik Franklin, Jerald Ault, Steven Smith, Jiangang Luo, Geoffrey Meester, Guillermo Diaz, Mark Chiappone, Dione Swanson, Steven Miller, James Bohnsack	2003-01-01	Mapping, benthic, habitat, Dry Tortugas, Florida, bathymetry, photogrammetry, aerial, sonar, classification	http://dx.doi.org/10.1080/01490410306706
Resource survey of Looe Key National Marine Sanctuary 1983	Bohnsack, J. A., Cantillo, A. Y., & Bello, M. J. (Eds.). (2003). Resource survey of Looe Key National Marine Sanctuary 1983. NOAA Technical Memorandum NOS NCCOS CCMA 160. NOAA NMFS-SEFSC-478. LISD 2002-8. NOAA/NOS National Centers for Coastal Ocean Science.	Unpublished photos + maps + descriptions	https://drive.google.com/file/d/1jTihW4XQ4H9VieBTJs72S8Jak2oD5_2o/view?usp=drive_link	James Bohnsack, Adriana Cantillo, Maria Bello	2002-01-01	Looe Key, Florida Keys, Florida, FKNMS, history, marine historical ecology	https://repository.library.noaa.gov/view/noaa/3324
Baseline Multispecies Coral Reef Fish Stock Assessment for Dry Tortugas	Ault, J. S., Smith, S. G., Meester, G. A., Luo, J., Bohnsack, J. A., & Miller, S. L. (2002). Baseline Multispecies Coral Reef Fish Stock Assessment for Dry Tortugas. NOAA Technical Memorandum NMFS-SEFSC-487.	14 of 35 individual stocks analyzed were overfished, “serial overfishing” observed where the largest most vulnerable species are removed first,  data suggests that the reef fish fisheries are not sustainable in the Florida Keys and Tortugas	https://drive.google.com/file/d/1b5fifWBmiPhNcArBH7omzvuBg_404oK2/view?usp=drive_link	Douglas Harper, Dione Swanson, Mark Chiappone, Erik Franklin, David McClellan, Peter Fischel, Thomas Schmidt	2002-08-01	Florida, Dry Tortugas, overfishing, snapper, grouper, grunt, barracuda, Florida, stock, management, survey design, model	http://repository.library.noaa.gov/view/noaa/8518
Synoptic habitat and reef fish surveys support establishment of marine reserves in Dry Tortugas, Florida USA	Ault, J. S., Smith, S. G., Meester, G. A., Luo, J., Franklin, E. C., Bohnsack, J. A., Harper, D. E., McClellan, D. B., Miller, S. L., Chiappone, M., & Swanson, D. W. (2002). Synoptic habitat and reef fish surveys support establishment of marine reserves in Dry Tortugas, Florida USA. Reef Encounter, 31, 22-23.	Newspaper article, Accounts of DRTO surveys + management strategies, Reporting of novel discoveries	https://drive.google.com/file/d/1mvCLwQiwHtezse1lYmAO1ceduxpeCcuK/view?usp=drive_link	Jerald Ault, Steven Smith, Jiangang Luo, Geoffrey Meester	2002-04-30	Dry tortugas, overfishing, snapper, grouper, grunt, barracuda, Florida, stock, management, Florida, FKNMS, gorgonians	https://www.researchgate.net/publication/265684094_Synoptic_habitat_and_reef_fish_surveys_support_establishment_of_marine_reserves_in_Dry_Tortugas_Florida_USA
An extensive deep reef terrace on the Tortugas Bank, Florida Keys National Marine Sanctuary	Miller, S. L., Chiappone, M., Swanson, D. W., Ault, J. S., Smith, S. G., Meester, G. A., Luo, J., Franklin, E. C., Bohnsack, J. A., Harper, D. E., & McClellan, D. B. (2001). An extensive deep reef terrace on the Tortugas Bank, Florida Keys National Marine Sanctuary. Coral Reefs, 20, 299-300.	Previously unsurveyed area of DRTO, 26%-28% coral cover, 13.9 km^2 of reef terrace, 10% of Tortugas Bank	https://drive.google.com/file/d/1TNH8s8oUQly7V8aIAQtQHBlEqQFIA_8f/view?usp=drive_link	Steven Miller, Mark Chiappone, Dione Swanson, Jerald Ault, Steven Smith, Geoffrey Meester, Jiangang Luo, Erik Franklin, James Bohnsack, Doug Harper, David McClellan	2001-10-13	Coral cover, Dry Tortugas, Tortugas bank, FKNMS, Florida Keys, Florida Keys National Marine Sanctuary, Florida, MPA, NTMR, no take, TNER, RNR, habitat, LEK	https://doi.org/10.1007/s003380100176
Site Characterization for Biscayne National Park: Assessment of Fisheries Resources and Habitats	Ault, J. S., Smith, S. G., Meester, G. A., Luo, J., & Bohnsack, J. A. (2001). Site Characterization for Biscayne National Park: Assessment of Fisheries Resources and Habitats. NOAA Technical Memorandum NMFS-SEFSC-468.	75% of 35 stocks analyzed were overfished, Species size constant (close to minimum harvest size), “Serial overfishing” of key fishery resources observed, Inadequate enforcement in the Park	https://drive.google.com/file/d/1ELdWIwC4xjKKQ8w1-u51i8N_4BN0AmWS/view?usp=drive_link	Steven Smith, Geoffrey Meester, Jiangang Luo, James Bohnsack	2001-10-01	Biscayne National Park, BNP, enforcement, snapper, grouper, spiny lobster, bonefish, tarpon, permit, exploitation, overfishing, protected area management	http://repository.library.noaa.gov/view/noaa/8519
Baseline data for evaluating reef fish populations in the Florida Keys	Bohnsack, J. A., McClellan, D. B., Harper, D. E., Davenport, G. S., Konoval, G. J., Eklund, A. M., Contillo, J. P., Bolden, S. K., Fischel, P. C., Sandorf, G. S., Javech, J. C., White, M. W., Pickett, M. H., Hulsbeck, M. W., Tobias, J. L., Ault, J. S., Meester, G. A., Smith, S. G., & Luo, J. (1999). Baseline data for evaluating reef fish populations in the Florida Keys. NOAA Technical Memorandum NMFS-SEFSC-427.	Historical data base for assessing changes in reef fish communities in the FKNMS, Only one year after NTMR implementation the highest mean desnity for select target species was observed, Surveys conducted using stationary point-count	https://drive.google.com/file/d/1Tkm5tLVN_NoAeDIMOynB_1K7kDEoQ9EG/view?usp=drive_link	James Bohnsack, David McClellan, Douglas Harper, Guy Davenport, George Konoval, Anne-Marie Eklund, Joseph Contillo, Stephania Bolden, Peter Fischel, Scott Sandorf, Joaquin Javech, Michael White, Matthew Pickett, Mark Hulsbeck, James Tobias, Jerald Ault, Geoffrey Meester, Steven Smith, Jiangang Luo	1999-09-01	Florida Keys, FKNMS, No take, SPA, NTMR, Marine reserve, snapper, grouper, hogfish, fishing, exploitation, Sanctuary, parrotfish, SPC, stationary point-count, baseline	https://repository.library.noaa.gov/view/noaa/30889
Reef Fish Monitoring	Bohnsack, J. A., McClellan, D. B., Harper, D. E., & Ault, J. S. (1999). Reef Fish Monitoring. In Zone Performance Review: First Year Report 1998. Florida Keys National Marine Sanctuary.	Report after implementation of FKNMS marine zoning, Increases of heavily exploited species in no-take areas, Hurricanes impacts in 1998 and 1999 observed, stoplight parrotfish declines	https://drive.google.com/file/d/1cVdeIuE8UCdkre6WCmLoRhS1k3v7FCK2/view?usp=drive_link	James Bohnsack, David McClellan, Douglas Harper, Peter Fischel	1999-01-01	FKNMS, parrotfish, grouper, snapper, SPA, no take, Florida keys, hurricane, marine zoning, exploitation, stoplight parrotfish	https://nmsfloridakeys.blob.core.windows.net/floridakeys-prod/media/archive/research_monitoring/zpr99.pdf
A retrospective (1979-1995) multispecies assessment of coral reef fish stocks in the Florida Keys	Ault, J. S., Bohnsack, J. A., & Meester, G. A. (1998). A retrospective (1979-1995) multispecies assessment of coral reef fish stocks in the Florida Keys. Fishery Bulletin, U.S., 96(3), 395-414.	Early use of fishery independent data to create stock assesment indicator variables, Observed that many stocks appear to be overfished, Suggest that NTMRs could help reverse trends, Exploitation likely altered structure/dynamics of fish communities, multi-species assessment	https://drive.google.com/file/d/19aGIco-b_doYxI3p5YWvNma5gqH-nRuq/view?usp=drive_link	Jerald Ault, James Bohnsack, Geoffrey Meester	1997-12-16	Baseline, history, marine historical ecology, snapper, grouper, hogfish, parrotfish, barracuda, fishery independent, fishery dependent, grunt, overfishing, exploitation, multi-species, FKNMS	https://spo.nmfs.noaa.gov/sites/default/files/pdf-content/fish-bull/ault.pdf
Management strategies to conserve marine biodiversity	Bohnsack, J. A., & Ault, J. S. (1996). Management strategies to conserve marine biodiversity. Oceanography, 9, 73-82.	Proposes the idea to use habitat restoration and marine reserves to maintain biodiversity and sustain fisheries, Outlines the consequences of habitat destruction and overfishing, Emphasizes importance of habitat conservation and multi-species assessment in fisheries managment  	https://drive.google.com/file/d/1PYvMts4onP5dx2SoQqHsfVFRCxJVRyNi/view?usp=drive_link	James Bohnsack, Jerald Ault	1996-01-01		https://doi.org/10.5670/oceanog.1996.30
Visually based methods for monitoring coral reef fishes	Bohnsack, J. A. (1995). Visually based methods for monitoring coral reef fishes. In Proceedings of the Reef Fish Workshop for the Southeast Area Monitoring and Assessment Program (Seamap) (pp. 31-35). SEAMAP Reef Fish Work Group. Gulf States Marine Fisheries Commission.	Description of +/- of roving diver surveys vs. stationary sampling 		James Bohnsack	1995-01-26	REEF, roving diver technique, RDT, stationary point-count, stationary, methodology	https://archive.epa.gov/water/test/web/pdf/2007_06_28_oceans_coraluments_symposium.pdf
Passive assessment techniques for shallow water reef resources	Bohnsack, J. A. (1995). Passive assessment techniques for shallow water reef resources. In Proceedings of the 1987 SEAMAP Passive Gear Assessment Workshop at Mayaguez, Puerto Rico (pp. 17-21). NOAA Technical Memorandum NMFS-SEFSC-365.	Fishery-dependent (fish traps) and fishery-independent (visual and video assessment), Explanation of different video survey methodologies, Pros/cons of different reef fish sampling methods 	https://drive.google.com/file/d/1eOr3czcG9rVXPY7mwAlobIf_dduiQWwN/view?usp=drive_link	James Bohnsack	1995-08-01	SCRAM, ROV, stationary point-count, methodology, survey rationale, visual, visual sampling	https://repository.library.noaa.gov/view/noaa/8454
Length-weight relationships of selected marine reef fishes from southeastern United States and the Caribbean	Bohnsack, J. A., & Harper, D. E. (1988). Length-weight relationships of selected marine reef fishes from southeastern United States and the Caribbean. NOAA Technical Memorandum NMFS-SEFC-215.	Formulae for conversion of length to weight of 178 fish species, Used to convert size-frequency to biomass estimate, Created using compilation of opportunistically collected data	https://drive.google.com/file/d/12l6lq-AJpVmuqy4fGAzOV2P8Pihtv5gD/view?usp=drive_link	James Bohnsack, Douglas Harper	1988-01-01	size, weight, length, size-frequency, biomass, Caribbean, Gulf	https://repository.library.noaa.gov/view/noaa/3027
Resource survey of fishes within Looe Key National Marine Sanctuary	Bohnsack, J. A., Harper, D. E., McClellan, D. B., Sutherland, D. L., & White, M. W. (1987). Resource survey of fishes within Looe Key National Marine Sanctuary. NOAA Technical Memorandum NOS MEMD 5.	Most detailed non-destructive description of reef fish community structure at time, Samples taken <13m during spring and summer of 1983 	https://drive.google.com/file/d/1HCBsJ_kgdbgBdtEG_ooZ0e1AaJmju0fC/view?usp=drive_link	James Bohnsack, Douglas Harper, David McClellan, David Sutherland, Michael White	1987-08-01	Looe key, Florida, Florida Keys, history, marine historical ecology, FKNMS, 	https://repository.library.noaa.gov/view/noaa/9238
A stationary visual census technique for quantitatively assessing community structure of coral reef fishes	Bohnsack, J. A., & Bannerot, S. P. (1986). A stationary visual census technique for quantitatively assessing community structure of coral reef fishes. NOAA Technical Report NMFS 41.	Introduction of stationary reef fish visual sampling, Origin of methodology used in modern NCRMP surveys, Overview of stationary count advantages 	https://drive.google.com/file/d/1Zl8bLJroGer0fhycTTC3OXr3co4sxojf/view?usp=drive_link	James Bohnsack, Scott Bannerot	1986-07-01	Methodology, stationary point count, belt transect, random sampling, history, Looe key	https://www.st.nmfs.noaa.gov/spo/SPO/tr41opt.pdf
A random point census technique for visually assessing coral reef fishes	Bohnsack, J. A., & Bannerot, S. P. (1983). A random point census technique for visually assessing coral reef fishes. In C. A. Barans & S. A. Bortone (Eds.), The visual assessment of fish populations in the southeastern United States: 1982 Workshop (pp. 5-7). South Carolina Sea Grant Consortium.	Workshop detailing varous visual sampling methods at the time, early development of fixed point sampling technique	https://drive.google.com/file/d/1xC0Y0b5bb5PiGFPkCwvQj96hl1WGIpSv/view?usp=drive_link	James Bohnsack, Scott Bannerot	1983-01-01	Methodology, fixed point, stationary point count, visual sampling, survey	https://repository.library.noaa.gov/view/noaa/37179